{
  "gaze_x_min": -1.0123186897853782,
  "gaze_x_max": 1.005920692058297,
  "gaze_y_min": 0.07376304161299398,
  "gaze_y_max": 0.20692911326063565,
  "variance": 0.09803054827854032,
  "dominant": "right",
  "has_glasses": true
}